,count,SUM of area,mean of area
0,499919,2000199158.6687357,4001.0464868683443
1,499919,1028044701.0183058,2058.6915882041017
